Date	ID Log	Adresse IP	Pays	Continent	Cyberattaque	Mot de passe	Description
06/10/2024	891507	233.160.139.154	Mexique	Amérique du Nord	malware	password123	Un cheval de Troie a été détecté sur le réseau. Il semble provenir de l'adresse IP 249.149.227.70. Certains fichiers système ont été modifiés. L'activité du réseau est suspecte depuis quelques jours. Il est possible que des données aient été exfiltrées.
27/04/2024	727148	230.225.240.181	Vietnam	Asie	ransomware	password	Attaque par ransomware détectée. Les fichiers du serveur, notamment bases de données ont été chiffrés. Une demande de rançon a été trouvée dans le fichier 'README.txt'. L'accès au système est restreint. Il est possible que les sauvegardes aient également été compromises.
19/06/2024	423660	73.60.4.254	États-Unis	Amérique du Nord	phishing	xbyA^0zDu	Tentative de phishing par email détectée. L'email semble provenir de 'support@banque.fr'. Il demande à l'utilisateur de cliquer sur un lien pour mettre à jour ses informations de compte. L'utilisateur a signalé l'email comme suspect, mais il n'est pas certain de ne pas avoir cliqué sur le lien. Une analyse plus approfondie est nécessaire pour déterminer si l'utilisateur a été compromis.
22/10/2024	892513	177.83.104.47	Italie	Europe	deep fake	qklycfj*S	Une vidéo deep fake du PDG a été diffusée sur les réseaux sociaux. La vidéo montre le PDG annonçant une fausse nouvelle concernant l'entreprise. L'origine de la vidéo est inconnue. Il est difficile de déterminer si la vidéo a eu un impact significatif sur la réputation de l'entreprise. Des mesures sont prises pour identifier et contrer la diffusion de la vidéo.
01/10/2024	969120	153.68.10.22	Allemagne	Europe	ransomware	12345678	Attaque par ransomware détectée. Les fichiers du serveur, notamment bases de données ont été chiffrés. Une demande de rançon a été trouvée dans le fichier 'README.txt'. L'accès au système est restreint. Il est possible que les sauvegardes aient également été compromises.
31/08/2024	860444	129.210.124.93	Mexique	Amérique du Nord	malware	bR9Rnd8Ib	Un cheval de Troie a été détecté sur le réseau. Il semble provenir de l'adresse IP 34.22.209.173. Certains fichiers système ont été modifiés. L'activité du réseau est suspecte depuis quelques jours. Il est possible que des données aient été exfiltrées.
27/10/2024	944697	242.210.160.110	Royaume-Uni	Europe	ransomware	password123	Attaque par ransomware détectée. Les fichiers du serveur, notamment documents ont été chiffrés. Une demande de rançon a été trouvée dans le fichier 'README.txt'. L'accès au système est restreint. Il est possible que les sauvegardes aient également été compromises.
08/08/2024	957487	130.86.250.66	Taiwan	Asie	deep fake	qwerty	Une vidéo deep fake du PDG a été diffusée sur les réseaux sociaux. La vidéo montre le PDG annonçant une fausse nouvelle concernant l'entreprise. L'origine de la vidéo est inconnue. Il est difficile de déterminer si la vidéo a eu un impact significatif sur la réputation de l'entreprise. Des mesures sont prises pour identifier et contrer la diffusion de la vidéo.
29/08/2024	781577	146.119.139.61	Indonésie	Asie	deep fake	12345678	Une vidéo deep fake du PDG a été diffusée sur les réseaux sociaux. La vidéo montre le PDG annonçant une fausse nouvelle concernant l'entreprise. L'origine de la vidéo est inconnue. Il est difficile de déterminer si la vidéo a eu un impact significatif sur la réputation de l'entreprise. Des mesures sont prises pour identifier et contrer la diffusion de la vidéo.
28/10/2024	248715	83.149.112.184	Turquie	Europe	deep fake	12345678	Une vidéo deep fake du PDG a été diffusée sur les réseaux sociaux. La vidéo montre le PDG annonçant une fausse nouvelle concernant l'entreprise. L'origine de la vidéo est inconnue. Il est difficile de déterminer si la vidéo a eu un impact significatif sur la réputation de l'entreprise. Des mesures sont prises pour identifier et contrer la diffusion de la vidéo.
27/12/2024	707801	98.194.122.132	Arabie Saoudite	Asie	phishing	KsEh@CLpN&	Tentative de phishing par email détectée. L'email semble provenir de 'support@banque.fr'. Il demande à l'utilisateur de cliquer sur un lien pour mettre à jour ses informations de compte. L'utilisateur a signalé l'email comme suspect, mais il n'est pas certain de ne pas avoir cliqué sur le lien. Une analyse plus approfondie est nécessaire pour déterminer si l'utilisateur a été compromis.
19/05/2024	212317	28.151.82.212	États-Unis	Amérique du Nord	phishing	password	Tentative de phishing par email détectée. L'email semble provenir de 'support@banque.fr'. Il demande à l'utilisateur de cliquer sur un lien pour mettre à jour ses informations de compte. L'utilisateur a signalé l'email comme suspect, mais il n'est pas certain de ne pas avoir cliqué sur le lien. Une analyse plus approfondie est nécessaire pour déterminer si l'utilisateur a été compromis.
02/02/2024	343206	37.253.25.52	Pologne	Europe	phishing	password123	Tentative de phishing par email détectée. L'email semble provenir de 'support@banque.fr'. Il demande à l'utilisateur de cliquer sur un lien pour mettre à jour ses informations de compte. L'utilisateur a signalé l'email comme suspect, mais il n'est pas certain de ne pas avoir cliqué sur le lien. Une analyse plus approfondie est nécessaire pour déterminer si l'utilisateur a été compromis.
15/04/2024	999266	0.166.117.90	Royaume-Uni	Europe	deep fake	qwerty	Une vidéo deep fake du PDG a été diffusée sur les réseaux sociaux. La vidéo montre le PDG annonçant une fausse nouvelle concernant l'entreprise. L'origine de la vidéo est inconnue. Il est difficile de déterminer si la vidéo a eu un impact significatif sur la réputation de l'entreprise. Des mesures sont prises pour identifier et contrer la diffusion de la vidéo.
30/07/2024	450745	54.203.88.2	États-Unis	Amérique du Nord	phishing	password123	Tentative de phishing par email détectée. L'email semble provenir de 'support@banque.fr'. Il demande à l'utilisateur de cliquer sur un lien pour mettre à jour ses informations de compte. L'utilisateur a signalé l'email comme suspect, mais il n'est pas certain de ne pas avoir cliqué sur le lien. Une analyse plus approfondie est nécessaire pour déterminer si l'utilisateur a été compromis.
30/03/2024	404785	233.180.174.196	Australie	Océanie	phishing	letmein	Tentative de phishing par email détectée. L'email semble provenir de 'support@banque.fr'. Il demande à l'utilisateur de cliquer sur un lien pour mettre à jour ses informations de compte. L'utilisateur a signalé l'email comme suspect, mais il n'est pas certain de ne pas avoir cliqué sur le lien. Une analyse plus approfondie est nécessaire pour déterminer si l'utilisateur a été compromis.
29/04/2024	177921	117.196.14.245	Taiwan	Asie	malware	123456	Un ransomware a été détecté sur le réseau. Il semble provenir de l'adresse IP 104.206.214.179. Certains fichiers système ont été modifiés. L'activité du réseau est suspecte depuis quelques jours. Il est possible que des données aient été exfiltrées.
27/10/2024	912162	77.17.225.152	Inde	Asie	phishing	password	Tentative de phishing par email détectée. L'email semble provenir de 'support@banque.fr'. Il demande à l'utilisateur de cliquer sur un lien pour mettre à jour ses informations de compte. L'utilisateur a signalé l'email comme suspect, mais il n'est pas certain de ne pas avoir cliqué sur le lien. Une analyse plus approfondie est nécessaire pour déterminer si l'utilisateur a été compromis.
04/02/2024	841397	52.63.59.15	Royaume-Uni	Europe	phishing	qwerty	Tentative de phishing par email détectée. L'email semble provenir de 'support@banque.fr'. Il demande à l'utilisateur de cliquer sur un lien pour mettre à jour ses informations de compte. L'utilisateur a signalé l'email comme suspect, mais il n'est pas certain de ne pas avoir cliqué sur le lien. Une analyse plus approfondie est nécessaire pour déterminer si l'utilisateur a été compromis.
03/09/2024	476663	125.78.151.230	Royaume-Uni	Europe	malware	password123	Un spyware a été détecté sur le réseau. Il semble provenir de l'adresse IP 5.8.104.134. Certains fichiers système ont été modifiés. L'activité du réseau est suspecte depuis quelques jours. Il est possible que des données aient été exfiltrées.
15/11/2024	193499	252.92.145.62	Espagne	Europe	ransomware	12345678	Attaque par ransomware détectée. Les fichiers du serveur, notamment images ont été chiffrés. Une demande de rançon a été trouvée dans le fichier 'README.txt'. L'accès au système est restreint. Il est possible que les sauvegardes aient également été compromises.
01/01/2024	667269	217.159.179.50	Émirats Arabes Unis	Asie	malware	password123	Un ransomware a été détecté sur le réseau. Il semble provenir de l'adresse IP 123.164.144.235. Certains fichiers système ont été modifiés. L'activité du réseau est suspecte depuis quelques jours. Il est possible que des données aient été exfiltrées.
07/09/2024	536685	169.76.10.223	Inde	Asie	deep fake	12345678	Une vidéo deep fake du PDG a été diffusée sur les réseaux sociaux. La vidéo montre le PDG annonçant une fausse nouvelle concernant l'entreprise. L'origine de la vidéo est inconnue. Il est difficile de déterminer si la vidéo a eu un impact significatif sur la réputation de l'entreprise. Des mesures sont prises pour identifier et contrer la diffusion de la vidéo.
29/03/2024	880670	151.38.175.243	Turquie	Europe	phishing	password	Tentative de phishing par email détectée. L'email semble provenir de 'support@banque.fr'. Il demande à l'utilisateur de cliquer sur un lien pour mettre à jour ses informations de compte. L'utilisateur a signalé l'email comme suspect, mais il n'est pas certain de ne pas avoir cliqué sur le lien. Une analyse plus approfondie est nécessaire pour déterminer si l'utilisateur a été compromis.
30/01/2024	767364	8.231.30.71	Argentine	Amérique du Sud	malware	123456	Un cheval de Troie a été détecté sur le réseau. Il semble provenir de l'adresse IP 115.138.135.144. Certains fichiers système ont été modifiés. L'activité du réseau est suspecte depuis quelques jours. Il est possible que des données aient été exfiltrées.
17/06/2024	483101	51.18.142.141	Chine	Asie	ransomware	letmein	Attaque par ransomware détectée. Les fichiers du serveur, notamment bases de données ont été chiffrés. Une demande de rançon a été trouvée dans le fichier 'README.txt'. L'accès au système est restreint. Il est possible que les sauvegardes aient également été compromises.
15/12/2024	201141	246.7.13.244	Argentine	Amérique du Sud	ransomware	password	Attaque par ransomware détectée. Les fichiers du serveur, notamment bases de données ont été chiffrés. Une demande de rançon a été trouvée dans le fichier 'README.txt'. L'accès au système est restreint. Il est possible que les sauvegardes aient également été compromises.
06/10/2024	165474	243.148.31.123	Pologne	Europe	deep fake	letmein	Une vidéo deep fake du PDG a été diffusée sur les réseaux sociaux. La vidéo montre le PDG annonçant une fausse nouvelle concernant l'entreprise. L'origine de la vidéo est inconnue. Il est difficile de déterminer si la vidéo a eu un impact significatif sur la réputation de l'entreprise. Des mesures sont prises pour identifier et contrer la diffusion de la vidéo.
27/05/2024	164352	117.162.12.40	Taiwan	Asie	phishing	Dk$cbVVoOw2L	Tentative de phishing par email détectée. L'email semble provenir de 'support@banque.fr'. Il demande à l'utilisateur de cliquer sur un lien pour mettre à jour ses informations de compte. L'utilisateur a signalé l'email comme suspect, mais il n'est pas certain de ne pas avoir cliqué sur le lien. Une analyse plus approfondie est nécessaire pour déterminer si l'utilisateur a été compromis.
02/03/2024	557321	128.192.4.71	Brésil	Amérique du Sud	malware	password	Un ransomware a été détecté sur le réseau. Il semble provenir de l'adresse IP 125.231.189.178. Certains fichiers système ont été modifiés. L'activité du réseau est suspecte depuis quelques jours. Il est possible que des données aient été exfiltrées.
29/12/2024	778164	38.234.141.54	Allemagne	Europe	ransomware	fFjsEc9EsjOb	Attaque par ransomware détectée. Les fichiers du serveur, notamment bases de données ont été chiffrés. Une demande de rançon a été trouvée dans le fichier 'README.txt'. L'accès au système est restreint. Il est possible que les sauvegardes aient également été compromises.
05/03/2024	591636	143.204.242.203	France	Europe	deep fake	letmein	Une vidéo deep fake du PDG a été diffusée sur les réseaux sociaux. La vidéo montre le PDG annonçant une fausse nouvelle concernant l'entreprise. L'origine de la vidéo est inconnue. Il est difficile de déterminer si la vidéo a eu un impact significatif sur la réputation de l'entreprise. Des mesures sont prises pour identifier et contrer la diffusion de la vidéo.
01/12/2024	467554	123.199.198.4	Australie	Océanie	ransomware	Psr9!f^p!C	Attaque par ransomware détectée. Les fichiers du serveur, notamment bases de données ont été chiffrés. Une demande de rançon a été trouvée dans le fichier 'README.txt'. L'accès au système est restreint. Il est possible que les sauvegardes aient également été compromises.
09/05/2024	845853	242.172.127.164	Corée du Sud	Asie	ransomware	123456	Attaque par ransomware détectée. Les fichiers du serveur, notamment documents ont été chiffrés. Une demande de rançon a été trouvée dans le fichier 'README.txt'. L'accès au système est restreint. Il est possible que les sauvegardes aient également été compromises.
20/01/2024	254202	165.149.226.176	Mexique	Amérique du Nord	ransomware	letmein	Attaque par ransomware détectée. Les fichiers du serveur, notamment documents ont été chiffrés. Une demande de rançon a été trouvée dans le fichier 'README.txt'. L'accès au système est restreint. Il est possible que les sauvegardes aient également été compromises.
12/06/2024	672574	162.227.111.100	France	Europe	deep fake	12345678	Une vidéo deep fake du PDG a été diffusée sur les réseaux sociaux. La vidéo montre le PDG annonçant une fausse nouvelle concernant l'entreprise. L'origine de la vidéo est inconnue. Il est difficile de déterminer si la vidéo a eu un impact significatif sur la réputation de l'entreprise. Des mesures sont prises pour identifier et contrer la diffusion de la vidéo.
19/11/2024	961625	50.226.231.73	Italie	Europe	deep fake	password	Une vidéo deep fake du PDG a été diffusée sur les réseaux sociaux. La vidéo montre le PDG annonçant une fausse nouvelle concernant l'entreprise. L'origine de la vidéo est inconnue. Il est difficile de déterminer si la vidéo a eu un impact significatif sur la réputation de l'entreprise. Des mesures sont prises pour identifier et contrer la diffusion de la vidéo.
04/12/2024	337173	17.140.45.239	Brésil	Amérique du Sud	phishing	qwerty	Tentative de phishing par email détectée. L'email semble provenir de 'support@banque.fr'. Il demande à l'utilisateur de cliquer sur un lien pour mettre à jour ses informations de compte. L'utilisateur a signalé l'email comme suspect, mais il n'est pas certain de ne pas avoir cliqué sur le lien. Une analyse plus approfondie est nécessaire pour déterminer si l'utilisateur a été compromis.
14/12/2024	384528	13.183.110.2	Mexique	Amérique du Nord	malware	1dC&^itq	Un spyware a été détecté sur le réseau. Il semble provenir de l'adresse IP 225.197.99.209. Certains fichiers système ont été modifiés. L'activité du réseau est suspecte depuis quelques jours. Il est possible que des données aient été exfiltrées.
11/09/2024	778842	58.198.108.165	Suisse	Europe	ransomware	qwerty	Attaque par ransomware détectée. Les fichiers du serveur, notamment documents ont été chiffrés. Une demande de rançon a été trouvée dans le fichier 'README.txt'. L'accès au système est restreint. Il est possible que les sauvegardes aient également été compromises.
17/05/2024	287051	40.77.229.213	Allemagne	Europe	phishing	letmein	Tentative de phishing par email détectée. L'email semble provenir de 'support@banque.fr'. Il demande à l'utilisateur de cliquer sur un lien pour mettre à jour ses informations de compte. L'utilisateur a signalé l'email comme suspect, mais il n'est pas certain de ne pas avoir cliqué sur le lien. Une analyse plus approfondie est nécessaire pour déterminer si l'utilisateur a été compromis.
02/09/2024	159935	240.239.218.2	Nigeria	Afrique	ransomware	7Z^VfgUJSp	Attaque par ransomware détectée. Les fichiers du serveur, notamment documents ont été chiffrés. Une demande de rançon a été trouvée dans le fichier 'README.txt'. L'accès au système est restreint. Il est possible que les sauvegardes aient également été compromises.
11/06/2024	116408	191.132.167.226	Corée du Sud	Asie	deep fake	12345678	Une vidéo deep fake du PDG a été diffusée sur les réseaux sociaux. La vidéo montre le PDG annonçant une fausse nouvelle concernant l'entreprise. L'origine de la vidéo est inconnue. Il est difficile de déterminer si la vidéo a eu un impact significatif sur la réputation de l'entreprise. Des mesures sont prises pour identifier et contrer la diffusion de la vidéo.
25/03/2024	824589	84.156.36.123	Australie	Océanie	malware	password	Un cheval de Troie a été détecté sur le réseau. Il semble provenir de l'adresse IP 209.14.253.72. Certains fichiers système ont été modifiés. L'activité du réseau est suspecte depuis quelques jours. Il est possible que des données aient été exfiltrées.
26/12/2024	220576	202.106.11.24	Pologne	Europe	deep fake	123456	Une vidéo deep fake du PDG a été diffusée sur les réseaux sociaux. La vidéo montre le PDG annonçant une fausse nouvelle concernant l'entreprise. L'origine de la vidéo est inconnue. Il est difficile de déterminer si la vidéo a eu un impact significatif sur la réputation de l'entreprise. Des mesures sont prises pour identifier et contrer la diffusion de la vidéo.
28/05/2024	145824	158.57.213.129	Argentine	Amérique du Sud	malware	qwerty	Un virus a été détecté sur le réseau. Il semble provenir de l'adresse IP 233.179.92.29. Certains fichiers système ont été modifiés. L'activité du réseau est suspecte depuis quelques jours. Il est possible que des données aient été exfiltrées.
31/10/2024	795634	235.230.74.236	Suède	Europe	ransomware	qwerty	Attaque par ransomware détectée. Les fichiers du serveur, notamment documents ont été chiffrés. Une demande de rançon a été trouvée dans le fichier 'README.txt'. L'accès au système est restreint. Il est possible que les sauvegardes aient également été compromises.
26/03/2024	496289	21.49.185.51	Turquie	Europe	malware	letmein	Un virus a été détecté sur le réseau. Il semble provenir de l'adresse IP 20.11.79.123. Certains fichiers système ont été modifiés. L'activité du réseau est suspecte depuis quelques jours. Il est possible que des données aient été exfiltrées.
01/10/2024	240009	69.173.144.57	Singapour	Asie	ransomware	password	Attaque par ransomware détectée. Les fichiers du serveur, notamment bases de données ont été chiffrés. Une demande de rançon a été trouvée dans le fichier 'README.txt'. L'accès au système est restreint. Il est possible que les sauvegardes aient également été compromises.
15/02/2024	799597	6.28.85.6	Australie	Océanie	ransomware	CT%KP^Yju09S	Attaque par ransomware détectée. Les fichiers du serveur, notamment documents ont été chiffrés. Une demande de rançon a été trouvée dans le fichier 'README.txt'. L'accès au système est restreint. Il est possible que les sauvegardes aient également été compromises.
14/12/2024	912629	5.82.228.121	Mexique	Amérique du Nord	malware	d&muWa91x	Un cheval de Troie a été détecté sur le réseau. Il semble provenir de l'adresse IP 239.82.207.19. Certains fichiers système ont été modifiés. L'activité du réseau est suspecte depuis quelques jours. Il est possible que des données aient été exfiltrées.
26/12/2024	689840	189.66.175.162	Mexique	Amérique du Nord	phishing	12345678	Tentative de phishing par email détectée. L'email semble provenir de 'support@banque.fr'. Il demande à l'utilisateur de cliquer sur un lien pour mettre à jour ses informations de compte. L'utilisateur a signalé l'email comme suspect, mais il n'est pas certain de ne pas avoir cliqué sur le lien. Une analyse plus approfondie est nécessaire pour déterminer si l'utilisateur a été compromis.
13/02/2024	905181	177.172.210.85	Turquie	Europe	deep fake	password123	Une vidéo deep fake du PDG a été diffusée sur les réseaux sociaux. La vidéo montre le PDG annonçant une fausse nouvelle concernant l'entreprise. L'origine de la vidéo est inconnue. Il est difficile de déterminer si la vidéo a eu un impact significatif sur la réputation de l'entreprise. Des mesures sont prises pour identifier et contrer la diffusion de la vidéo.
24/04/2024	472199	41.56.97.184	États-Unis	Amérique du Nord	phishing	123456	Tentative de phishing par email détectée. L'email semble provenir de 'support@banque.fr'. Il demande à l'utilisateur de cliquer sur un lien pour mettre à jour ses informations de compte. L'utilisateur a signalé l'email comme suspect, mais il n'est pas certain de ne pas avoir cliqué sur le lien. Une analyse plus approfondie est nécessaire pour déterminer si l'utilisateur a été compromis.
06/06/2024	484927	7.98.93.246	France	Europe	phishing	password	Tentative de phishing par email détectée. L'email semble provenir de 'support@banque.fr'. Il demande à l'utilisateur de cliquer sur un lien pour mettre à jour ses informations de compte. L'utilisateur a signalé l'email comme suspect, mais il n'est pas certain de ne pas avoir cliqué sur le lien. Une analyse plus approfondie est nécessaire pour déterminer si l'utilisateur a été compromis.
24/11/2024	270618	32.92.65.70	Suède	Europe	ransomware	12345678	Attaque par ransomware détectée. Les fichiers du serveur, notamment images ont été chiffrés. Une demande de rançon a été trouvée dans le fichier 'README.txt'. L'accès au système est restreint. Il est possible que les sauvegardes aient également été compromises.
12/01/2024	935884	130.155.109.142	Taiwan	Asie	malware	123456	Un cheval de Troie a été détecté sur le réseau. Il semble provenir de l'adresse IP 56.187.35.252. Certains fichiers système ont été modifiés. L'activité du réseau est suspecte depuis quelques jours. Il est possible que des données aient été exfiltrées.
04/02/2024	887194	207.207.158.219	Afrique du Sud	Afrique	malware	letmein	Un cheval de Troie a été détecté sur le réseau. Il semble provenir de l'adresse IP 234.80.14.126. Certains fichiers système ont été modifiés. L'activité du réseau est suspecte depuis quelques jours. Il est possible que des données aient été exfiltrées.
01/01/2024	818093	200.0.239.2	Turquie	Europe	malware	password	Un ransomware a été détecté sur le réseau. Il semble provenir de l'adresse IP 224.88.217.97. Certains fichiers système ont été modifiés. L'activité du réseau est suspecte depuis quelques jours. Il est possible que des données aient été exfiltrées.
19/03/2024	188873	113.186.138.105	Vietnam	Asie	malware	123456	Un spyware a été détecté sur le réseau. Il semble provenir de l'adresse IP 178.27.158.235. Certains fichiers système ont été modifiés. L'activité du réseau est suspecte depuis quelques jours. Il est possible que des données aient été exfiltrées.
13/05/2024	950251	12.229.120.160	Mexique	Amérique du Nord	phishing	12345678	Tentative de phishing par email détectée. L'email semble provenir de 'support@banque.fr'. Il demande à l'utilisateur de cliquer sur un lien pour mettre à jour ses informations de compte. L'utilisateur a signalé l'email comme suspect, mais il n'est pas certain de ne pas avoir cliqué sur le lien. Une analyse plus approfondie est nécessaire pour déterminer si l'utilisateur a été compromis.
16/01/2024	295615	165.30.255.13	Canada	Amérique du Nord	malware	qwerty	Un virus a été détecté sur le réseau. Il semble provenir de l'adresse IP 191.14.29.183. Certains fichiers système ont été modifiés. L'activité du réseau est suspecte depuis quelques jours. Il est possible que des données aient été exfiltrées.
21/03/2024	234312	172.227.198.238	Taiwan	Asie	malware	password	Un ransomware a été détecté sur le réseau. Il semble provenir de l'adresse IP 136.252.144.249. Certains fichiers système ont été modifiés. L'activité du réseau est suspecte depuis quelques jours. Il est possible que des données aient été exfiltrées.
31/08/2024	255820	149.213.43.174	Corée du Sud	Asie	deep fake	password	Une vidéo deep fake du PDG a été diffusée sur les réseaux sociaux. La vidéo montre le PDG annonçant une fausse nouvelle concernant l'entreprise. L'origine de la vidéo est inconnue. Il est difficile de déterminer si la vidéo a eu un impact significatif sur la réputation de l'entreprise. Des mesures sont prises pour identifier et contrer la diffusion de la vidéo.
03/03/2024	101693	77.176.73.18	Russie	Europe	ransomware	qwerty	Attaque par ransomware détectée. Les fichiers du serveur, notamment bases de données ont été chiffrés. Une demande de rançon a été trouvée dans le fichier 'README.txt'. L'accès au système est restreint. Il est possible que les sauvegardes aient également été compromises.
24/11/2024	387927	7.145.3.203	Taiwan	Asie	malware	password	Un spyware a été détecté sur le réseau. Il semble provenir de l'adresse IP 195.109.170.246. Certains fichiers système ont été modifiés. L'activité du réseau est suspecte depuis quelques jours. Il est possible que des données aient été exfiltrées.
13/04/2024	273275	129.1.212.247	Pologne	Europe	ransomware	password	Attaque par ransomware détectée. Les fichiers du serveur, notamment documents ont été chiffrés. Une demande de rançon a été trouvée dans le fichier 'README.txt'. L'accès au système est restreint. Il est possible que les sauvegardes aient également été compromises.
13/08/2024	650330	227.240.182.142	Nigeria	Afrique	malware	12345678	Un ransomware a été détecté sur le réseau. Il semble provenir de l'adresse IP 87.155.233.159. Certains fichiers système ont été modifiés. L'activité du réseau est suspecte depuis quelques jours. Il est possible que des données aient été exfiltrées.
01/04/2024	359570	37.207.224.247	Royaume-Uni	Europe	malware	letmein	Un cheval de Troie a été détecté sur le réseau. Il semble provenir de l'adresse IP 100.119.167.136. Certains fichiers système ont été modifiés. L'activité du réseau est suspecte depuis quelques jours. Il est possible que des données aient été exfiltrées.
02/11/2024	522117	55.16.14.179	France	Europe	phishing	pmTuZcAM^^9	Tentative de phishing par email détectée. L'email semble provenir de 'support@banque.fr'. Il demande à l'utilisateur de cliquer sur un lien pour mettre à jour ses informations de compte. L'utilisateur a signalé l'email comme suspect, mais il n'est pas certain de ne pas avoir cliqué sur le lien. Une analyse plus approfondie est nécessaire pour déterminer si l'utilisateur a été compromis.
29/02/2024	337079	239.78.151.19	Turquie	Europe	deep fake	qwerty	Une vidéo deep fake du PDG a été diffusée sur les réseaux sociaux. La vidéo montre le PDG annonçant une fausse nouvelle concernant l'entreprise. L'origine de la vidéo est inconnue. Il est difficile de déterminer si la vidéo a eu un impact significatif sur la réputation de l'entreprise. Des mesures sont prises pour identifier et contrer la diffusion de la vidéo.
24/03/2024	107674	221.103.210.76	Italie	Europe	ransomware	letmein	Attaque par ransomware détectée. Les fichiers du serveur, notamment images ont été chiffrés. Une demande de rançon a été trouvée dans le fichier 'README.txt'. L'accès au système est restreint. Il est possible que les sauvegardes aient également été compromises.
21/05/2024	430021	170.59.208.124	Mexique	Amérique du Nord	deep fake	letmein	Une vidéo deep fake du PDG a été diffusée sur les réseaux sociaux. La vidéo montre le PDG annonçant une fausse nouvelle concernant l'entreprise. L'origine de la vidéo est inconnue. Il est difficile de déterminer si la vidéo a eu un impact significatif sur la réputation de l'entreprise. Des mesures sont prises pour identifier et contrer la diffusion de la vidéo.
03/03/2024	621355	219.214.243.121	Turquie	Europe	ransomware	7QoPs&DrLJC	Attaque par ransomware détectée. Les fichiers du serveur, notamment bases de données ont été chiffrés. Une demande de rançon a été trouvée dans le fichier 'README.txt'. L'accès au système est restreint. Il est possible que les sauvegardes aient également été compromises.
28/06/2024	247771	23.127.24.67	Nigeria	Afrique	phishing	password123	Tentative de phishing par email détectée. L'email semble provenir de 'support@banque.fr'. Il demande à l'utilisateur de cliquer sur un lien pour mettre à jour ses informations de compte. L'utilisateur a signalé l'email comme suspect, mais il n'est pas certain de ne pas avoir cliqué sur le lien. Une analyse plus approfondie est nécessaire pour déterminer si l'utilisateur a été compromis.
23/01/2024	954612	62.160.195.226	Taiwan	Asie	malware	123456	Un spyware a été détecté sur le réseau. Il semble provenir de l'adresse IP 115.161.137.97. Certains fichiers système ont été modifiés. L'activité du réseau est suspecte depuis quelques jours. Il est possible que des données aient été exfiltrées.
26/10/2024	745842	185.141.227.88	Émirats Arabes Unis	Asie	ransomware	^Y64QN!d	Attaque par ransomware détectée. Les fichiers du serveur, notamment bases de données ont été chiffrés. Une demande de rançon a été trouvée dans le fichier 'README.txt'. L'accès au système est restreint. Il est possible que les sauvegardes aient également été compromises.
03/09/2024	633313	154.25.39.144	Inde	Asie	deep fake	password	Une vidéo deep fake du PDG a été diffusée sur les réseaux sociaux. La vidéo montre le PDG annonçant une fausse nouvelle concernant l'entreprise. L'origine de la vidéo est inconnue. Il est difficile de déterminer si la vidéo a eu un impact significatif sur la réputation de l'entreprise. Des mesures sont prises pour identifier et contrer la diffusion de la vidéo.
22/11/2024	581283	52.69.159.121	États-Unis	Amérique du Nord	ransomware	CW1WHMQyyZx#	Attaque par ransomware détectée. Les fichiers du serveur, notamment bases de données ont été chiffrés. Une demande de rançon a été trouvée dans le fichier 'README.txt'. L'accès au système est restreint. Il est possible que les sauvegardes aient également été compromises.
28/11/2024	327805	154.186.177.151	Indonésie	Asie	ransomware	123456	Attaque par ransomware détectée. Les fichiers du serveur, notamment documents ont été chiffrés. Une demande de rançon a été trouvée dans le fichier 'README.txt'. L'accès au système est restreint. Il est possible que les sauvegardes aient également été compromises.
11/09/2024	248793	33.187.238.167	Italie	Europe	phishing	password	Tentative de phishing par email détectée. L'email semble provenir de 'support@banque.fr'. Il demande à l'utilisateur de cliquer sur un lien pour mettre à jour ses informations de compte. L'utilisateur a signalé l'email comme suspect, mais il n'est pas certain de ne pas avoir cliqué sur le lien. Une analyse plus approfondie est nécessaire pour déterminer si l'utilisateur a été compromis.
13/12/2024	275763	102.139.203.90	Chine	Asie	phishing	password	Tentative de phishing par email détectée. L'email semble provenir de 'support@banque.fr'. Il demande à l'utilisateur de cliquer sur un lien pour mettre à jour ses informations de compte. L'utilisateur a signalé l'email comme suspect, mais il n'est pas certain de ne pas avoir cliqué sur le lien. Une analyse plus approfondie est nécessaire pour déterminer si l'utilisateur a été compromis.
15/01/2024	842092	105.181.214.151	Émirats Arabes Unis	Asie	malware	letmein	Un virus a été détecté sur le réseau. Il semble provenir de l'adresse IP 154.72.13.38. Certains fichiers système ont été modifiés. L'activité du réseau est suspecte depuis quelques jours. Il est possible que des données aient été exfiltrées.
17/04/2024	804062	122.46.131.61	Japon	Asie	malware	zRzLavC3Ie$C	Un spyware a été détecté sur le réseau. Il semble provenir de l'adresse IP 30.85.228.4. Certains fichiers système ont été modifiés. L'activité du réseau est suspecte depuis quelques jours. Il est possible que des données aient été exfiltrées.
10/06/2024	887563	10.122.232.197	Taiwan	Asie	deep fake	123456	Une vidéo deep fake du PDG a été diffusée sur les réseaux sociaux. La vidéo montre le PDG annonçant une fausse nouvelle concernant l'entreprise. L'origine de la vidéo est inconnue. Il est difficile de déterminer si la vidéo a eu un impact significatif sur la réputation de l'entreprise. Des mesures sont prises pour identifier et contrer la diffusion de la vidéo.
06/10/2024	402868	115.159.248.140	Nigeria	Afrique	deep fake	password123	Une vidéo deep fake du PDG a été diffusée sur les réseaux sociaux. La vidéo montre le PDG annonçant une fausse nouvelle concernant l'entreprise. L'origine de la vidéo est inconnue. Il est difficile de déterminer si la vidéo a eu un impact significatif sur la réputation de l'entreprise. Des mesures sont prises pour identifier et contrer la diffusion de la vidéo.
27/08/2024	800132	40.49.72.160	Brésil	Amérique du Sud	deep fake	12345678	Une vidéo deep fake du PDG a été diffusée sur les réseaux sociaux. La vidéo montre le PDG annonçant une fausse nouvelle concernant l'entreprise. L'origine de la vidéo est inconnue. Il est difficile de déterminer si la vidéo a eu un impact significatif sur la réputation de l'entreprise. Des mesures sont prises pour identifier et contrer la diffusion de la vidéo.
13/03/2024	366302	197.144.219.237	Nigeria	Afrique	malware	password123	Un spyware a été détecté sur le réseau. Il semble provenir de l'adresse IP 0.213.124.125. Certains fichiers système ont été modifiés. L'activité du réseau est suspecte depuis quelques jours. Il est possible que des données aient été exfiltrées.
27/03/2024	130905	2.186.157.32	Argentine	Amérique du Sud	phishing	password123	Tentative de phishing par email détectée. L'email semble provenir de 'support@banque.fr'. Il demande à l'utilisateur de cliquer sur un lien pour mettre à jour ses informations de compte. L'utilisateur a signalé l'email comme suspect, mais il n'est pas certain de ne pas avoir cliqué sur le lien. Une analyse plus approfondie est nécessaire pour déterminer si l'utilisateur a été compromis.
17/01/2024	716739	207.195.61.147	Pologne	Europe	ransomware	qwerty	Attaque par ransomware détectée. Les fichiers du serveur, notamment bases de données ont été chiffrés. Une demande de rançon a été trouvée dans le fichier 'README.txt'. L'accès au système est restreint. Il est possible que les sauvegardes aient également été compromises.
19/10/2024	377167	247.0.0.221	Italie	Europe	deep fake	password123	Une vidéo deep fake du PDG a été diffusée sur les réseaux sociaux. La vidéo montre le PDG annonçant une fausse nouvelle concernant l'entreprise. L'origine de la vidéo est inconnue. Il est difficile de déterminer si la vidéo a eu un impact significatif sur la réputation de l'entreprise. Des mesures sont prises pour identifier et contrer la diffusion de la vidéo.
20/01/2024	688286	218.83.198.89	Royaume-Uni	Europe	deep fake	123456	Une vidéo deep fake du PDG a été diffusée sur les réseaux sociaux. La vidéo montre le PDG annonçant une fausse nouvelle concernant l'entreprise. L'origine de la vidéo est inconnue. Il est difficile de déterminer si la vidéo a eu un impact significatif sur la réputation de l'entreprise. Des mesures sont prises pour identifier et contrer la diffusion de la vidéo.
12/02/2024	536972	151.168.18.100	Singapour	Asie	malware	letmein	Un spyware a été détecté sur le réseau. Il semble provenir de l'adresse IP 79.195.206.27. Certains fichiers système ont été modifiés. L'activité du réseau est suspecte depuis quelques jours. Il est possible que des données aient été exfiltrées.
10/12/2024	990689	106.68.161.64	Singapour	Asie	deep fake	qwerty	Une vidéo deep fake du PDG a été diffusée sur les réseaux sociaux. La vidéo montre le PDG annonçant une fausse nouvelle concernant l'entreprise. L'origine de la vidéo est inconnue. Il est difficile de déterminer si la vidéo a eu un impact significatif sur la réputation de l'entreprise. Des mesures sont prises pour identifier et contrer la diffusion de la vidéo.
23/01/2024	940069	69.104.183.72	Japon	Asie	malware	password123	Un cheval de Troie a été détecté sur le réseau. Il semble provenir de l'adresse IP 99.174.237.229. Certains fichiers système ont été modifiés. L'activité du réseau est suspecte depuis quelques jours. Il est possible que des données aient été exfiltrées.
10/04/2024	885861	232.15.195.12	Colombie	Amérique du Sud	deep fake	123456	Une vidéo deep fake du PDG a été diffusée sur les réseaux sociaux. La vidéo montre le PDG annonçant une fausse nouvelle concernant l'entreprise. L'origine de la vidéo est inconnue. Il est difficile de déterminer si la vidéo a eu un impact significatif sur la réputation de l'entreprise. Des mesures sont prises pour identifier et contrer la diffusion de la vidéo.
10/12/2024	995428	248.132.26.127	Nigeria	Afrique	deep fake	password	Une vidéo deep fake du PDG a été diffusée sur les réseaux sociaux. La vidéo montre le PDG annonçant une fausse nouvelle concernant l'entreprise. L'origine de la vidéo est inconnue. Il est difficile de déterminer si la vidéo a eu un impact significatif sur la réputation de l'entreprise. Des mesures sont prises pour identifier et contrer la diffusion de la vidéo.
28/03/2024	830595	202.212.84.223	Brésil	Amérique du Sud	deep fake	letmein	Une vidéo deep fake du PDG a été diffusée sur les réseaux sociaux. La vidéo montre le PDG annonçant une fausse nouvelle concernant l'entreprise. L'origine de la vidéo est inconnue. Il est difficile de déterminer si la vidéo a eu un impact significatif sur la réputation de l'entreprise. Des mesures sont prises pour identifier et contrer la diffusion de la vidéo.
03/09/2024	829001	159.42.172.178	Italie	Europe	phishing	123456	Tentative de phishing par email détectée. L'email semble provenir de 'support@banque.fr'. Il demande à l'utilisateur de cliquer sur un lien pour mettre à jour ses informations de compte. L'utilisateur a signalé l'email comme suspect, mais il n'est pas certain de ne pas avoir cliqué sur le lien. Une analyse plus approfondie est nécessaire pour déterminer si l'utilisateur a été compromis.
31/08/2024	850633	193.219.245.103	Émirats Arabes Unis	Asie	ransomware	qwerty	Attaque par ransomware détectée. Les fichiers du serveur, notamment images ont été chiffrés. Une demande de rançon a été trouvée dans le fichier 'README.txt'. L'accès au système est restreint. Il est possible que les sauvegardes aient également été compromises.
14/11/2024	556901	162.208.193.245	Pays-Bas	Europe	ransomware	qwerty	Attaque par ransomware détectée. Les fichiers du serveur, notamment bases de données ont été chiffrés. Une demande de rançon a été trouvée dans le fichier 'README.txt'. L'accès au système est restreint. Il est possible que les sauvegardes aient également été compromises.
27/11/2024	330042	3.178.85.148	Suède	Europe	deep fake	@E#rnh1a	Une vidéo deep fake du PDG a été diffusée sur les réseaux sociaux. La vidéo montre le PDG annonçant une fausse nouvelle concernant l'entreprise. L'origine de la vidéo est inconnue. Il est difficile de déterminer si la vidéo a eu un impact significatif sur la réputation de l'entreprise. Des mesures sont prises pour identifier et contrer la diffusion de la vidéo.
19/02/2024	504827	217.24.186.176	Indonésie	Asie	ransomware	12345678	Attaque par ransomware détectée. Les fichiers du serveur, notamment images ont été chiffrés. Une demande de rançon a été trouvée dans le fichier 'README.txt'. L'accès au système est restreint. Il est possible que les sauvegardes aient également été compromises.
01/11/2024	738705	129.24.178.70	Suisse	Europe	malware	password123	Un virus a été détecté sur le réseau. Il semble provenir de l'adresse IP 228.211.239.100. Certains fichiers système ont été modifiés. L'activité du réseau est suspecte depuis quelques jours. Il est possible que des données aient été exfiltrées.
09/10/2024	374946	60.119.2.153	Brésil	Amérique du Sud	malware	password123	Un cheval de Troie a été détecté sur le réseau. Il semble provenir de l'adresse IP 6.56.9.128. Certains fichiers système ont été modifiés. L'activité du réseau est suspecte depuis quelques jours. Il est possible que des données aient été exfiltrées.
26/11/2024	327080	122.107.164.113	Allemagne	Europe	deep fake	123456	Une vidéo deep fake du PDG a été diffusée sur les réseaux sociaux. La vidéo montre le PDG annonçant une fausse nouvelle concernant l'entreprise. L'origine de la vidéo est inconnue. Il est difficile de déterminer si la vidéo a eu un impact significatif sur la réputation de l'entreprise. Des mesures sont prises pour identifier et contrer la diffusion de la vidéo.
22/02/2024	418377	252.214.193.202	Chine	Asie	malware	letmein	Un spyware a été détecté sur le réseau. Il semble provenir de l'adresse IP 179.116.213.223. Certains fichiers système ont été modifiés. L'activité du réseau est suspecte depuis quelques jours. Il est possible que des données aient été exfiltrées.
14/09/2024	497296	187.200.130.251	Vietnam	Asie	ransomware	12345678	Attaque par ransomware détectée. Les fichiers du serveur, notamment bases de données ont été chiffrés. Une demande de rançon a été trouvée dans le fichier 'README.txt'. L'accès au système est restreint. Il est possible que les sauvegardes aient également été compromises.
29/02/2024	322719	19.26.37.84	Pays-Bas	Europe	deep fake	12345678	Une vidéo deep fake du PDG a été diffusée sur les réseaux sociaux. La vidéo montre le PDG annonçant une fausse nouvelle concernant l'entreprise. L'origine de la vidéo est inconnue. Il est difficile de déterminer si la vidéo a eu un impact significatif sur la réputation de l'entreprise. Des mesures sont prises pour identifier et contrer la diffusion de la vidéo.
07/12/2024	690199	37.185.152.229	Russie	Europe	malware	password	Un spyware a été détecté sur le réseau. Il semble provenir de l'adresse IP 30.158.194.95. Certains fichiers système ont été modifiés. L'activité du réseau est suspecte depuis quelques jours. Il est possible que des données aient été exfiltrées.
23/05/2024	733497	233.19.49.91	Afrique du Sud	Afrique	malware	CULAxi^gW	Un ransomware a été détecté sur le réseau. Il semble provenir de l'adresse IP 67.178.237.163. Certains fichiers système ont été modifiés. L'activité du réseau est suspecte depuis quelques jours. Il est possible que des données aient été exfiltrées.
04/12/2024	243859	233.237.28.55	Brésil	Amérique du Sud	deep fake	C7F2hyBbzJ	Une vidéo deep fake du PDG a été diffusée sur les réseaux sociaux. La vidéo montre le PDG annonçant une fausse nouvelle concernant l'entreprise. L'origine de la vidéo est inconnue. Il est difficile de déterminer si la vidéo a eu un impact significatif sur la réputation de l'entreprise. Des mesures sont prises pour identifier et contrer la diffusion de la vidéo.
28/02/2024	704306	189.190.49.225	Brésil	Amérique du Sud	malware	letmein	Un virus a été détecté sur le réseau. Il semble provenir de l'adresse IP 54.150.164.174. Certains fichiers système ont été modifiés. L'activité du réseau est suspecte depuis quelques jours. Il est possible que des données aient été exfiltrées.
08/10/2024	209466	127.121.232.203	Chine	Asie	ransomware	qwerty	Attaque par ransomware détectée. Les fichiers du serveur, notamment bases de données ont été chiffrés. Une demande de rançon a été trouvée dans le fichier 'README.txt'. L'accès au système est restreint. Il est possible que les sauvegardes aient également été compromises.
04/04/2024	546416	17.138.17.122	Argentine	Amérique du Sud	deep fake	12345678	Une vidéo deep fake du PDG a été diffusée sur les réseaux sociaux. La vidéo montre le PDG annonçant une fausse nouvelle concernant l'entreprise. L'origine de la vidéo est inconnue. Il est difficile de déterminer si la vidéo a eu un impact significatif sur la réputation de l'entreprise. Des mesures sont prises pour identifier et contrer la diffusion de la vidéo.
11/12/2024	945493	197.107.205.157	Vietnam	Asie	ransomware	12345678	Attaque par ransomware détectée. Les fichiers du serveur, notamment images ont été chiffrés. Une demande de rançon a été trouvée dans le fichier 'README.txt'. L'accès au système est restreint. Il est possible que les sauvegardes aient également été compromises.
05/07/2024	254341	88.217.106.142	Canada	Amérique du Nord	deep fake	password	Une vidéo deep fake du PDG a été diffusée sur les réseaux sociaux. La vidéo montre le PDG annonçant une fausse nouvelle concernant l'entreprise. L'origine de la vidéo est inconnue. Il est difficile de déterminer si la vidéo a eu un impact significatif sur la réputation de l'entreprise. Des mesures sont prises pour identifier et contrer la diffusion de la vidéo.
04/02/2024	518592	205.180.32.249	Royaume-Uni	Europe	malware	password123	Un spyware a été détecté sur le réseau. Il semble provenir de l'adresse IP 51.27.41.14. Certains fichiers système ont été modifiés. L'activité du réseau est suspecte depuis quelques jours. Il est possible que des données aient été exfiltrées.
08/07/2024	854588	43.53.35.242	Allemagne	Europe	deep fake	letmein	Une vidéo deep fake du PDG a été diffusée sur les réseaux sociaux. La vidéo montre le PDG annonçant une fausse nouvelle concernant l'entreprise. L'origine de la vidéo est inconnue. Il est difficile de déterminer si la vidéo a eu un impact significatif sur la réputation de l'entreprise. Des mesures sont prises pour identifier et contrer la diffusion de la vidéo.
07/02/2024	988356	223.62.193.123	Vietnam	Asie	malware	qwerty	Un virus a été détecté sur le réseau. Il semble provenir de l'adresse IP 160.244.98.3. Certains fichiers système ont été modifiés. L'activité du réseau est suspecte depuis quelques jours. Il est possible que des données aient été exfiltrées.
08/02/2024	727771	243.210.179.229	Colombie	Amérique du Sud	phishing	qwerty	Tentative de phishing par email détectée. L'email semble provenir de 'support@banque.fr'. Il demande à l'utilisateur de cliquer sur un lien pour mettre à jour ses informations de compte. L'utilisateur a signalé l'email comme suspect, mais il n'est pas certain de ne pas avoir cliqué sur le lien. Une analyse plus approfondie est nécessaire pour déterminer si l'utilisateur a été compromis.
27/02/2024	163786	246.15.189.40	Arabie Saoudite	Asie	ransomware	12345678	Attaque par ransomware détectée. Les fichiers du serveur, notamment images ont été chiffrés. Une demande de rançon a été trouvée dans le fichier 'README.txt'. L'accès au système est restreint. Il est possible que les sauvegardes aient également été compromises.
12/11/2024	624434	238.25.54.141	Argentine	Amérique du Sud	ransomware	@p2I2jacwKI	Attaque par ransomware détectée. Les fichiers du serveur, notamment images ont été chiffrés. Une demande de rançon a été trouvée dans le fichier 'README.txt'. L'accès au système est restreint. Il est possible que les sauvegardes aient également été compromises.
09/02/2024	671960	15.186.37.4	Turquie	Europe	malware	123456	Un ransomware a été détecté sur le réseau. Il semble provenir de l'adresse IP 170.155.100.251. Certains fichiers système ont été modifiés. L'activité du réseau est suspecte depuis quelques jours. Il est possible que des données aient été exfiltrées.
15/03/2024	147926	102.12.156.150	Corée du Sud	Asie	ransomware	password	Attaque par ransomware détectée. Les fichiers du serveur, notamment bases de données ont été chiffrés. Une demande de rançon a été trouvée dans le fichier 'README.txt'. L'accès au système est restreint. Il est possible que les sauvegardes aient également été compromises.
12/02/2024	174008	96.177.190.243	États-Unis	Amérique du Nord	ransomware	12345678	Attaque par ransomware détectée. Les fichiers du serveur, notamment documents ont été chiffrés. Une demande de rançon a été trouvée dans le fichier 'README.txt'. L'accès au système est restreint. Il est possible que les sauvegardes aient également été compromises.
14/06/2024	563045	21.55.41.179	Royaume-Uni	Europe	deep fake	password123	Une vidéo deep fake du PDG a été diffusée sur les réseaux sociaux. La vidéo montre le PDG annonçant une fausse nouvelle concernant l'entreprise. L'origine de la vidéo est inconnue. Il est difficile de déterminer si la vidéo a eu un impact significatif sur la réputation de l'entreprise. Des mesures sont prises pour identifier et contrer la diffusion de la vidéo.
03/03/2024	202801	150.251.53.240	Corée du Sud	Asie	deep fake	$pXTFZ6RNIHV	Une vidéo deep fake du PDG a été diffusée sur les réseaux sociaux. La vidéo montre le PDG annonçant une fausse nouvelle concernant l'entreprise. L'origine de la vidéo est inconnue. Il est difficile de déterminer si la vidéo a eu un impact significatif sur la réputation de l'entreprise. Des mesures sont prises pour identifier et contrer la diffusion de la vidéo.
24/11/2024	787037	197.56.61.226	États-Unis	Amérique du Nord	ransomware	123456	Attaque par ransomware détectée. Les fichiers du serveur, notamment documents ont été chiffrés. Une demande de rançon a été trouvée dans le fichier 'README.txt'. L'accès au système est restreint. Il est possible que les sauvegardes aient également été compromises.
14/05/2024	289947	241.180.125.159	Vietnam	Asie	deep fake	qwerty	Une vidéo deep fake du PDG a été diffusée sur les réseaux sociaux. La vidéo montre le PDG annonçant une fausse nouvelle concernant l'entreprise. L'origine de la vidéo est inconnue. Il est difficile de déterminer si la vidéo a eu un impact significatif sur la réputation de l'entreprise. Des mesures sont prises pour identifier et contrer la diffusion de la vidéo.
26/04/2024	586369	210.0.91.94	Émirats Arabes Unis	Asie	phishing	1dQewyBdT6Ig	Tentative de phishing par email détectée. L'email semble provenir de 'support@banque.fr'. Il demande à l'utilisateur de cliquer sur un lien pour mettre à jour ses informations de compte. L'utilisateur a signalé l'email comme suspect, mais il n'est pas certain de ne pas avoir cliqué sur le lien. Une analyse plus approfondie est nécessaire pour déterminer si l'utilisateur a été compromis.
12/02/2024	654704	89.75.152.214	Colombie	Amérique du Sud	ransomware	qwerty	Attaque par ransomware détectée. Les fichiers du serveur, notamment documents ont été chiffrés. Une demande de rançon a été trouvée dans le fichier 'README.txt'. L'accès au système est restreint. Il est possible que les sauvegardes aient également été compromises.
11/07/2024	894460	220.12.186.9	Colombie	Amérique du Sud	deep fake	qwerty	Une vidéo deep fake du PDG a été diffusée sur les réseaux sociaux. La vidéo montre le PDG annonçant une fausse nouvelle concernant l'entreprise. L'origine de la vidéo est inconnue. Il est difficile de déterminer si la vidéo a eu un impact significatif sur la réputation de l'entreprise. Des mesures sont prises pour identifier et contrer la diffusion de la vidéo.
21/01/2024	383896	218.133.178.164	Suède	Europe	deep fake	password123	Une vidéo deep fake du PDG a été diffusée sur les réseaux sociaux. La vidéo montre le PDG annonçant une fausse nouvelle concernant l'entreprise. L'origine de la vidéo est inconnue. Il est difficile de déterminer si la vidéo a eu un impact significatif sur la réputation de l'entreprise. Des mesures sont prises pour identifier et contrer la diffusion de la vidéo.
05/09/2024	178282	146.49.193.74	Chine	Asie	phishing	123456	Tentative de phishing par email détectée. L'email semble provenir de 'support@banque.fr'. Il demande à l'utilisateur de cliquer sur un lien pour mettre à jour ses informations de compte. L'utilisateur a signalé l'email comme suspect, mais il n'est pas certain de ne pas avoir cliqué sur le lien. Une analyse plus approfondie est nécessaire pour déterminer si l'utilisateur a été compromis.
18/02/2024	499927	162.128.14.233	Russie	Europe	phishing	lpKR^G5lq	Tentative de phishing par email détectée. L'email semble provenir de 'support@banque.fr'. Il demande à l'utilisateur de cliquer sur un lien pour mettre à jour ses informations de compte. L'utilisateur a signalé l'email comme suspect, mais il n'est pas certain de ne pas avoir cliqué sur le lien. Une analyse plus approfondie est nécessaire pour déterminer si l'utilisateur a été compromis.
15/11/2024	916279	118.177.239.43	Inde	Asie	phishing	qwerty	Tentative de phishing par email détectée. L'email semble provenir de 'support@banque.fr'. Il demande à l'utilisateur de cliquer sur un lien pour mettre à jour ses informations de compte. L'utilisateur a signalé l'email comme suspect, mais il n'est pas certain de ne pas avoir cliqué sur le lien. Une analyse plus approfondie est nécessaire pour déterminer si l'utilisateur a été compromis.
29/02/2024	754648	143.11.96.31	Allemagne	Europe	malware	letmein	Un spyware a été détecté sur le réseau. Il semble provenir de l'adresse IP 19.191.72.242. Certains fichiers système ont été modifiés. L'activité du réseau est suspecte depuis quelques jours. Il est possible que des données aient été exfiltrées.
20/02/2024	796227	69.85.145.98	États-Unis	Amérique du Nord	ransomware	password	Attaque par ransomware détectée. Les fichiers du serveur, notamment images ont été chiffrés. Une demande de rançon a été trouvée dans le fichier 'README.txt'. L'accès au système est restreint. Il est possible que les sauvegardes aient également été compromises.
24/10/2024	795924	217.201.33.251	Afrique du Sud	Afrique	malware	123456	Un virus a été détecté sur le réseau. Il semble provenir de l'adresse IP 83.224.210.149. Certains fichiers système ont été modifiés. L'activité du réseau est suspecte depuis quelques jours. Il est possible que des données aient été exfiltrées.
08/11/2024	414900	151.252.92.73	Royaume-Uni	Europe	phishing	letmein	Tentative de phishing par email détectée. L'email semble provenir de 'support@banque.fr'. Il demande à l'utilisateur de cliquer sur un lien pour mettre à jour ses informations de compte. L'utilisateur a signalé l'email comme suspect, mais il n'est pas certain de ne pas avoir cliqué sur le lien. Une analyse plus approfondie est nécessaire pour déterminer si l'utilisateur a été compromis.
22/08/2024	424824	200.66.180.255	Australie	Océanie	malware	12345678	Un virus a été détecté sur le réseau. Il semble provenir de l'adresse IP 198.34.8.128. Certains fichiers système ont été modifiés. L'activité du réseau est suspecte depuis quelques jours. Il est possible que des données aient été exfiltrées.
04/01/2024	500169	28.85.126.29	Espagne	Europe	deep fake	isgXmoTG	Une vidéo deep fake du PDG a été diffusée sur les réseaux sociaux. La vidéo montre le PDG annonçant une fausse nouvelle concernant l'entreprise. L'origine de la vidéo est inconnue. Il est difficile de déterminer si la vidéo a eu un impact significatif sur la réputation de l'entreprise. Des mesures sont prises pour identifier et contrer la diffusion de la vidéo.
30/04/2024	470241	165.68.63.217	Brésil	Amérique du Sud	malware	password	Un ransomware a été détecté sur le réseau. Il semble provenir de l'adresse IP 250.209.251.200. Certains fichiers système ont été modifiés. L'activité du réseau est suspecte depuis quelques jours. Il est possible que des données aient été exfiltrées.
20/02/2024	214085	28.161.32.100	Turquie	Europe	ransomware	12345678	Attaque par ransomware détectée. Les fichiers du serveur, notamment bases de données ont été chiffrés. Une demande de rançon a été trouvée dans le fichier 'README.txt'. L'accès au système est restreint. Il est possible que les sauvegardes aient également été compromises.
18/01/2024	785892	59.122.41.226	Pays-Bas	Europe	ransomware	qwerty	Attaque par ransomware détectée. Les fichiers du serveur, notamment bases de données ont été chiffrés. Une demande de rançon a été trouvée dans le fichier 'README.txt'. L'accès au système est restreint. Il est possible que les sauvegardes aient également été compromises.
05/07/2024	708307	0.7.109.97	Suisse	Europe	phishing	letmein	Tentative de phishing par email détectée. L'email semble provenir de 'support@banque.fr'. Il demande à l'utilisateur de cliquer sur un lien pour mettre à jour ses informations de compte. L'utilisateur a signalé l'email comme suspect, mais il n'est pas certain de ne pas avoir cliqué sur le lien. Une analyse plus approfondie est nécessaire pour déterminer si l'utilisateur a été compromis.
26/08/2024	437751	17.171.153.84	Indonésie	Asie	deep fake	qwerty	Une vidéo deep fake du PDG a été diffusée sur les réseaux sociaux. La vidéo montre le PDG annonçant une fausse nouvelle concernant l'entreprise. L'origine de la vidéo est inconnue. Il est difficile de déterminer si la vidéo a eu un impact significatif sur la réputation de l'entreprise. Des mesures sont prises pour identifier et contrer la diffusion de la vidéo.
24/06/2024	387842	136.65.149.25	États-Unis	Amérique du Nord	deep fake	123456	Une vidéo deep fake du PDG a été diffusée sur les réseaux sociaux. La vidéo montre le PDG annonçant une fausse nouvelle concernant l'entreprise. L'origine de la vidéo est inconnue. Il est difficile de déterminer si la vidéo a eu un impact significatif sur la réputation de l'entreprise. Des mesures sont prises pour identifier et contrer la diffusion de la vidéo.
15/11/2024	566870	139.158.15.198	Italie	Europe	phishing	12345678	Tentative de phishing par email détectée. L'email semble provenir de 'support@banque.fr'. Il demande à l'utilisateur de cliquer sur un lien pour mettre à jour ses informations de compte. L'utilisateur a signalé l'email comme suspect, mais il n'est pas certain de ne pas avoir cliqué sur le lien. Une analyse plus approfondie est nécessaire pour déterminer si l'utilisateur a été compromis.
09/10/2024	556620	31.10.150.225	Taiwan	Asie	phishing	password	Tentative de phishing par email détectée. L'email semble provenir de 'support@banque.fr'. Il demande à l'utilisateur de cliquer sur un lien pour mettre à jour ses informations de compte. L'utilisateur a signalé l'email comme suspect, mais il n'est pas certain de ne pas avoir cliqué sur le lien. Une analyse plus approfondie est nécessaire pour déterminer si l'utilisateur a été compromis.
19/01/2024	366593	6.152.200.149	Japon	Asie	deep fake	password123	Une vidéo deep fake du PDG a été diffusée sur les réseaux sociaux. La vidéo montre le PDG annonçant une fausse nouvelle concernant l'entreprise. L'origine de la vidéo est inconnue. Il est difficile de déterminer si la vidéo a eu un impact significatif sur la réputation de l'entreprise. Des mesures sont prises pour identifier et contrer la diffusion de la vidéo.
12/06/2024	390706	224.149.51.54	Suède	Europe	malware	password123	Un cheval de Troie a été détecté sur le réseau. Il semble provenir de l'adresse IP 83.124.98.96. Certains fichiers système ont été modifiés. L'activité du réseau est suspecte depuis quelques jours. Il est possible que des données aient été exfiltrées.
20/06/2024	523185	170.169.132.234	Chine	Asie	phishing	12345678	Tentative de phishing par email détectée. L'email semble provenir de 'support@banque.fr'. Il demande à l'utilisateur de cliquer sur un lien pour mettre à jour ses informations de compte. L'utilisateur a signalé l'email comme suspect, mais il n'est pas certain de ne pas avoir cliqué sur le lien. Une analyse plus approfondie est nécessaire pour déterminer si l'utilisateur a été compromis.
15/09/2024	237322	90.182.51.171	Taiwan	Asie	phishing	123456	Tentative de phishing par email détectée. L'email semble provenir de 'support@banque.fr'. Il demande à l'utilisateur de cliquer sur un lien pour mettre à jour ses informations de compte. L'utilisateur a signalé l'email comme suspect, mais il n'est pas certain de ne pas avoir cliqué sur le lien. Une analyse plus approfondie est nécessaire pour déterminer si l'utilisateur a été compromis.
29/01/2024	828693	143.36.254.36	Argentine	Amérique du Sud	malware	letmein	Un cheval de Troie a été détecté sur le réseau. Il semble provenir de l'adresse IP 62.217.102.226. Certains fichiers système ont été modifiés. L'activité du réseau est suspecte depuis quelques jours. Il est possible que des données aient été exfiltrées.
23/08/2024	646488	247.156.50.170	Brésil	Amérique du Sud	malware	12345678	Un ransomware a été détecté sur le réseau. Il semble provenir de l'adresse IP 240.72.112.175. Certains fichiers système ont été modifiés. L'activité du réseau est suspecte depuis quelques jours. Il est possible que des données aient été exfiltrées.
05/10/2024	263772	229.113.73.25	Pologne	Europe	phishing	letmein	Tentative de phishing par email détectée. L'email semble provenir de 'support@banque.fr'. Il demande à l'utilisateur de cliquer sur un lien pour mettre à jour ses informations de compte. L'utilisateur a signalé l'email comme suspect, mais il n'est pas certain de ne pas avoir cliqué sur le lien. Une analyse plus approfondie est nécessaire pour déterminer si l'utilisateur a été compromis.
04/03/2024	313035	66.97.148.10	Espagne	Europe	deep fake	12345678	Une vidéo deep fake du PDG a été diffusée sur les réseaux sociaux. La vidéo montre le PDG annonçant une fausse nouvelle concernant l'entreprise. L'origine de la vidéo est inconnue. Il est difficile de déterminer si la vidéo a eu un impact significatif sur la réputation de l'entreprise. Des mesures sont prises pour identifier et contrer la diffusion de la vidéo.
09/09/2024	195073	30.214.94.164	Indonésie	Asie	ransomware	letmein	Attaque par ransomware détectée. Les fichiers du serveur, notamment images ont été chiffrés. Une demande de rançon a été trouvée dans le fichier 'README.txt'. L'accès au système est restreint. Il est possible que les sauvegardes aient également été compromises.
25/09/2024	779984	14.61.180.211	Corée du Sud	Asie	ransomware	123456	Attaque par ransomware détectée. Les fichiers du serveur, notamment documents ont été chiffrés. Une demande de rançon a été trouvée dans le fichier 'README.txt'. L'accès au système est restreint. Il est possible que les sauvegardes aient également été compromises.
13/03/2024	305456	163.48.197.212	Colombie	Amérique du Sud	malware	password	Un cheval de Troie a été détecté sur le réseau. Il semble provenir de l'adresse IP 74.242.252.30. Certains fichiers système ont été modifiés. L'activité du réseau est suspecte depuis quelques jours. Il est possible que des données aient été exfiltrées.
24/04/2024	631120	94.34.206.85	France	Europe	malware	12345678	Un spyware a été détecté sur le réseau. Il semble provenir de l'adresse IP 90.3.157.94. Certains fichiers système ont été modifiés. L'activité du réseau est suspecte depuis quelques jours. Il est possible que des données aient été exfiltrées.
23/06/2024	191081	101.198.72.163	Japon	Asie	malware	password123	Un ransomware a été détecté sur le réseau. Il semble provenir de l'adresse IP 79.134.128.57. Certains fichiers système ont été modifiés. L'activité du réseau est suspecte depuis quelques jours. Il est possible que des données aient été exfiltrées.
26/01/2024	224977	103.200.117.113	États-Unis	Amérique du Nord	deep fake	123456	Une vidéo deep fake du PDG a été diffusée sur les réseaux sociaux. La vidéo montre le PDG annonçant une fausse nouvelle concernant l'entreprise. L'origine de la vidéo est inconnue. Il est difficile de déterminer si la vidéo a eu un impact significatif sur la réputation de l'entreprise. Des mesures sont prises pour identifier et contrer la diffusion de la vidéo.
04/04/2024	545929	65.239.252.253	Pays-Bas	Europe	deep fake	password123	Une vidéo deep fake du PDG a été diffusée sur les réseaux sociaux. La vidéo montre le PDG annonçant une fausse nouvelle concernant l'entreprise. L'origine de la vidéo est inconnue. Il est difficile de déterminer si la vidéo a eu un impact significatif sur la réputation de l'entreprise. Des mesures sont prises pour identifier et contrer la diffusion de la vidéo.
04/04/2024	644491	99.254.234.198	France	Europe	ransomware	password123	Attaque par ransomware détectée. Les fichiers du serveur, notamment images ont été chiffrés. Une demande de rançon a été trouvée dans le fichier 'README.txt'. L'accès au système est restreint. Il est possible que les sauvegardes aient également été compromises.
02/09/2024	854108	236.157.230.1	Taiwan	Asie	deep fake	password123	Une vidéo deep fake du PDG a été diffusée sur les réseaux sociaux. La vidéo montre le PDG annonçant une fausse nouvelle concernant l'entreprise. L'origine de la vidéo est inconnue. Il est difficile de déterminer si la vidéo a eu un impact significatif sur la réputation de l'entreprise. Des mesures sont prises pour identifier et contrer la diffusion de la vidéo.
11/10/2024	295364	151.124.227.11	Royaume-Uni	Europe	deep fake	12345678	Une vidéo deep fake du PDG a été diffusée sur les réseaux sociaux. La vidéo montre le PDG annonçant une fausse nouvelle concernant l'entreprise. L'origine de la vidéo est inconnue. Il est difficile de déterminer si la vidéo a eu un impact significatif sur la réputation de l'entreprise. Des mesures sont prises pour identifier et contrer la diffusion de la vidéo.
11/02/2024	653113	77.166.105.125	Singapour	Asie	phishing	rxOW$6dP&SSY	Tentative de phishing par email détectée. L'email semble provenir de 'support@banque.fr'. Il demande à l'utilisateur de cliquer sur un lien pour mettre à jour ses informations de compte. L'utilisateur a signalé l'email comme suspect, mais il n'est pas certain de ne pas avoir cliqué sur le lien. Une analyse plus approfondie est nécessaire pour déterminer si l'utilisateur a été compromis.
06/06/2024	854103	186.32.210.217	Taiwan	Asie	ransomware	qwerty	Attaque par ransomware détectée. Les fichiers du serveur, notamment bases de données ont été chiffrés. Une demande de rançon a été trouvée dans le fichier 'README.txt'. L'accès au système est restreint. Il est possible que les sauvegardes aient également été compromises.
09/02/2024	931592	213.111.197.72	Colombie	Amérique du Sud	malware	12345678	Un spyware a été détecté sur le réseau. Il semble provenir de l'adresse IP 238.176.71.56. Certains fichiers système ont été modifiés. L'activité du réseau est suspecte depuis quelques jours. Il est possible que des données aient été exfiltrées.
25/01/2024	516996	145.29.55.103	Russie	Europe	ransomware	letmein	Attaque par ransomware détectée. Les fichiers du serveur, notamment bases de données ont été chiffrés. Une demande de rançon a été trouvée dans le fichier 'README.txt'. L'accès au système est restreint. Il est possible que les sauvegardes aient également été compromises.
20/01/2024	940510	160.149.180.226	Russie	Europe	phishing	password123	Tentative de phishing par email détectée. L'email semble provenir de 'support@banque.fr'. Il demande à l'utilisateur de cliquer sur un lien pour mettre à jour ses informations de compte. L'utilisateur a signalé l'email comme suspect, mais il n'est pas certain de ne pas avoir cliqué sur le lien. Une analyse plus approfondie est nécessaire pour déterminer si l'utilisateur a été compromis.
24/07/2024	421974	176.112.105.53	Russie	Europe	malware	password	Un spyware a été détecté sur le réseau. Il semble provenir de l'adresse IP 48.4.107.164. Certains fichiers système ont été modifiés. L'activité du réseau est suspecte depuis quelques jours. Il est possible que des données aient été exfiltrées.
02/04/2024	134974	243.72.54.137	Inde	Asie	ransomware	%LSp$is%Dc	Attaque par ransomware détectée. Les fichiers du serveur, notamment bases de données ont été chiffrés. Une demande de rançon a été trouvée dans le fichier 'README.txt'. L'accès au système est restreint. Il est possible que les sauvegardes aient également été compromises.
10/11/2024	925183	73.216.76.178	Allemagne	Europe	malware	password123	Un cheval de Troie a été détecté sur le réseau. Il semble provenir de l'adresse IP 14.103.35.11. Certains fichiers système ont été modifiés. L'activité du réseau est suspecte depuis quelques jours. Il est possible que des données aient été exfiltrées.
17/10/2024	747219	230.219.126.145	Pays-Bas	Europe	ransomware	password	Attaque par ransomware détectée. Les fichiers du serveur, notamment images ont été chiffrés. Une demande de rançon a été trouvée dans le fichier 'README.txt'. L'accès au système est restreint. Il est possible que les sauvegardes aient également été compromises.
17/02/2024	965445	141.144.96.169	France	Europe	deep fake	123456	Une vidéo deep fake du PDG a été diffusée sur les réseaux sociaux. La vidéo montre le PDG annonçant une fausse nouvelle concernant l'entreprise. L'origine de la vidéo est inconnue. Il est difficile de déterminer si la vidéo a eu un impact significatif sur la réputation de l'entreprise. Des mesures sont prises pour identifier et contrer la diffusion de la vidéo.
16/05/2024	461135	188.107.228.166	Royaume-Uni	Europe	deep fake	password123	Une vidéo deep fake du PDG a été diffusée sur les réseaux sociaux. La vidéo montre le PDG annonçant une fausse nouvelle concernant l'entreprise. L'origine de la vidéo est inconnue. Il est difficile de déterminer si la vidéo a eu un impact significatif sur la réputation de l'entreprise. Des mesures sont prises pour identifier et contrer la diffusion de la vidéo.
14/03/2024	662393	241.123.19.99	Colombie	Amérique du Sud	phishing	password123	Tentative de phishing par email détectée. L'email semble provenir de 'support@banque.fr'. Il demande à l'utilisateur de cliquer sur un lien pour mettre à jour ses informations de compte. L'utilisateur a signalé l'email comme suspect, mais il n'est pas certain de ne pas avoir cliqué sur le lien. Une analyse plus approfondie est nécessaire pour déterminer si l'utilisateur a été compromis.
17/09/2024	419927	192.137.236.202	Corée du Sud	Asie	malware	12345678	Un cheval de Troie a été détecté sur le réseau. Il semble provenir de l'adresse IP 36.80.6.177. Certains fichiers système ont été modifiés. L'activité du réseau est suspecte depuis quelques jours. Il est possible que des données aient été exfiltrées.
22/01/2024	438900	143.183.2.185	Pologne	Europe	malware	GCh3BzEgvz	Un cheval de Troie a été détecté sur le réseau. Il semble provenir de l'adresse IP 51.53.40.195. Certains fichiers système ont été modifiés. L'activité du réseau est suspecte depuis quelques jours. Il est possible que des données aient été exfiltrées.
17/11/2024	246106	30.107.235.255	Brésil	Amérique du Sud	phishing	qwerty	Tentative de phishing par email détectée. L'email semble provenir de 'support@banque.fr'. Il demande à l'utilisateur de cliquer sur un lien pour mettre à jour ses informations de compte. L'utilisateur a signalé l'email comme suspect, mais il n'est pas certain de ne pas avoir cliqué sur le lien. Une analyse plus approfondie est nécessaire pour déterminer si l'utilisateur a été compromis.
20/03/2024	123009	64.9.208.253	Japon	Asie	deep fake	123456	Une vidéo deep fake du PDG a été diffusée sur les réseaux sociaux. La vidéo montre le PDG annonçant une fausse nouvelle concernant l'entreprise. L'origine de la vidéo est inconnue. Il est difficile de déterminer si la vidéo a eu un impact significatif sur la réputation de l'entreprise. Des mesures sont prises pour identifier et contrer la diffusion de la vidéo.
01/12/2024	164984	195.0.226.237	Arabie Saoudite	Asie	deep fake	password	Une vidéo deep fake du PDG a été diffusée sur les réseaux sociaux. La vidéo montre le PDG annonçant une fausse nouvelle concernant l'entreprise. L'origine de la vidéo est inconnue. Il est difficile de déterminer si la vidéo a eu un impact significatif sur la réputation de l'entreprise. Des mesures sont prises pour identifier et contrer la diffusion de la vidéo.
14/11/2024	455300	164.35.161.205	Afrique du Sud	Afrique	deep fake	123456	Une vidéo deep fake du PDG a été diffusée sur les réseaux sociaux. La vidéo montre le PDG annonçant une fausse nouvelle concernant l'entreprise. L'origine de la vidéo est inconnue. Il est difficile de déterminer si la vidéo a eu un impact significatif sur la réputation de l'entreprise. Des mesures sont prises pour identifier et contrer la diffusion de la vidéo.
27/01/2024	929218	190.143.49.51	Afrique du Sud	Afrique	malware	letmein	Un ransomware a été détecté sur le réseau. Il semble provenir de l'adresse IP 17.210.201.236. Certains fichiers système ont été modifiés. L'activité du réseau est suspecte depuis quelques jours. Il est possible que des données aient été exfiltrées.
21/02/2024	649932	111.122.184.55	Argentine	Amérique du Sud	deep fake	password	Une vidéo deep fake du PDG a été diffusée sur les réseaux sociaux. La vidéo montre le PDG annonçant une fausse nouvelle concernant l'entreprise. L'origine de la vidéo est inconnue. Il est difficile de déterminer si la vidéo a eu un impact significatif sur la réputation de l'entreprise. Des mesures sont prises pour identifier et contrer la diffusion de la vidéo.
26/10/2024	905937	240.89.166.88	Afrique du Sud	Afrique	ransomware	password123	Attaque par ransomware détectée. Les fichiers du serveur, notamment images ont été chiffrés. Une demande de rançon a été trouvée dans le fichier 'README.txt'. L'accès au système est restreint. Il est possible que les sauvegardes aient également été compromises.
10/11/2024	987205	21.82.124.178	États-Unis	Amérique du Nord	ransomware	password	Attaque par ransomware détectée. Les fichiers du serveur, notamment documents ont été chiffrés. Une demande de rançon a été trouvée dans le fichier 'README.txt'. L'accès au système est restreint. Il est possible que les sauvegardes aient également été compromises.
09/06/2024	430811	113.73.168.23	Colombie	Amérique du Sud	phishing	letmein	Tentative de phishing par email détectée. L'email semble provenir de 'support@banque.fr'. Il demande à l'utilisateur de cliquer sur un lien pour mettre à jour ses informations de compte. L'utilisateur a signalé l'email comme suspect, mais il n'est pas certain de ne pas avoir cliqué sur le lien. Une analyse plus approfondie est nécessaire pour déterminer si l'utilisateur a été compromis.
23/07/2024	711986	180.2.124.185	Russie	Europe	deep fake	password	Une vidéo deep fake du PDG a été diffusée sur les réseaux sociaux. La vidéo montre le PDG annonçant une fausse nouvelle concernant l'entreprise. L'origine de la vidéo est inconnue. Il est difficile de déterminer si la vidéo a eu un impact significatif sur la réputation de l'entreprise. Des mesures sont prises pour identifier et contrer la diffusion de la vidéo.
17/04/2024	539072	16.243.84.164	Turquie	Europe	ransomware	password123	Attaque par ransomware détectée. Les fichiers du serveur, notamment images ont été chiffrés. Une demande de rançon a été trouvée dans le fichier 'README.txt'. L'accès au système est restreint. Il est possible que les sauvegardes aient également été compromises.
22/07/2024	833536	0.27.73.156	Canada	Amérique du Nord	deep fake	password123	Une vidéo deep fake du PDG a été diffusée sur les réseaux sociaux. La vidéo montre le PDG annonçant une fausse nouvelle concernant l'entreprise. L'origine de la vidéo est inconnue. Il est difficile de déterminer si la vidéo a eu un impact significatif sur la réputation de l'entreprise. Des mesures sont prises pour identifier et contrer la diffusion de la vidéo.
10/07/2024	187799	142.104.133.117	Colombie	Amérique du Sud	deep fake	password123	Une vidéo deep fake du PDG a été diffusée sur les réseaux sociaux. La vidéo montre le PDG annonçant une fausse nouvelle concernant l'entreprise. L'origine de la vidéo est inconnue. Il est difficile de déterminer si la vidéo a eu un impact significatif sur la réputation de l'entreprise. Des mesures sont prises pour identifier et contrer la diffusion de la vidéo.
18/11/2024	609252	126.117.27.22	Pologne	Europe	deep fake	letmein	Une vidéo deep fake du PDG a été diffusée sur les réseaux sociaux. La vidéo montre le PDG annonçant une fausse nouvelle concernant l'entreprise. L'origine de la vidéo est inconnue. Il est difficile de déterminer si la vidéo a eu un impact significatif sur la réputation de l'entreprise. Des mesures sont prises pour identifier et contrer la diffusion de la vidéo.
08/10/2024	487916	86.27.77.142	Russie	Europe	malware	letmein	Un cheval de Troie a été détecté sur le réseau. Il semble provenir de l'adresse IP 232.132.30.25. Certains fichiers système ont été modifiés. L'activité du réseau est suspecte depuis quelques jours. Il est possible que des données aient été exfiltrées.
16/11/2024	266594	28.197.9.178	France	Europe	ransomware	qwerty	Attaque par ransomware détectée. Les fichiers du serveur, notamment bases de données ont été chiffrés. Une demande de rançon a été trouvée dans le fichier 'README.txt'. L'accès au système est restreint. Il est possible que les sauvegardes aient également été compromises.
24/10/2024	240255	164.65.201.50	Singapour	Asie	phishing	12345678	Tentative de phishing par email détectée. L'email semble provenir de 'support@banque.fr'. Il demande à l'utilisateur de cliquer sur un lien pour mettre à jour ses informations de compte. L'utilisateur a signalé l'email comme suspect, mais il n'est pas certain de ne pas avoir cliqué sur le lien. Une analyse plus approfondie est nécessaire pour déterminer si l'utilisateur a été compromis.
