log_id,employe_id,donnees_upload_mb,date_log,description_log
N001,E05,25,2025-10-14,"""Can the process successfully continue?"". No -> Error, Yes -> Warn."
N002,E06,150,2025-10-14,"""Can the process successfully continue?"". No -> Error, Yes -> Warn."
N003,E02,70,2025-10-14,"""Can the process successfully continue?"". No -> Error, Yes -> Warn."
N004,E03,50,2025-10-14,"""Can the process successfully continue?"". No -> Error, Yes -> Warn."
N005,E01,120,2025-10-14,"""Can the process successfully continue?"". No -> Error, Yes -> Warn."
N006,E04,300,2025-10-14,"""Can the process successfully continue?"". No -> Error, Yes -> Warn."
N007,E07,80,2025-10-14,"""Can the process successfully continue?"". No -> Error, Yes -> Warn."
N008,E08,40,2025-10-14,"""Can the process successfully continue?"". No -> Error, Yes -> Warn."
N009,E09,180,2025-10-14,"""Can the process successfully continue?"". No -> Error, Yes -> Warn."
N010,E10,70,2025-10-14,"""Can the process successfully continue?"". No -> Error, Yes -> Warn."
N011,E11,100,2025-10-14,"""Can the process successfully continue?"". No -> Error, Yes -> Warn."
N012,E12,200,2025-10-14,"""Can the process successfully continue?"". No -> Error, Yes -> Warn."
N013,E13,15,2025-10-14,"""Can the process successfully continue?"". No -> Error, Yes -> Warn."
N014,E14,35,2025-10-14,"""Can the process successfully continue?"". No -> Error, Yes -> Warn."
N015,E15,90,2025-10-14,"""Can the process successfully continue?"". No -> Error, Yes -> Warn."
N016,E16,210,2025-10-14,"""Can the process successfully continue?"". No -> Error, Yes -> Warn."
N017,E17,65,2025-10-14,"""Can the process successfully continue?"". No -> Error, Yes -> Warn."
N018,E18,45,2025-10-14,"""Can the process successfully continue?"". No -> Error, Yes -> Warn."
N019,E19,110,2025-10-14,"""Can the process successfully continue?"". No -> Error, Yes -> Warn."
N020,E20,240,2025-10-14,"""Can the process successfully continue?"". No -> Error, Yes -> Warn."
N021,E05,30,2025-10-15,"""Can the process successfully continue?"". No -> Error, Yes -> Warn."
N022,E06,160,2025-10-15,"""Can the process successfully continue?"". No -> Error, Yes -> Warn."
N023,E02,950,2025-10-15,"Est-ce que l'employé responsable du transfert suspect a envoyé des messages contenant des mots-clés liés au ""Projet Chimère"" ou à la victime ?"
N024,E03,60,2025-10-15,"""Can the process successfully continue?"". No -> Error, Yes -> Warn."
N025,E01,130,2025-10-15,"""Can the process successfully continue?"". No -> Error, Yes -> Warn."
N026,E04,320,2025-10-15,"""Can the process successfully continue?"". No -> Error, Yes -> Warn."
N027,E07,90,2025-10-15,"""Can the process successfully continue?"". No -> Error, Yes -> Warn."
N028,E08,50,2025-10-15,"""Can the process successfully continue?"". No -> Error, Yes -> Warn."
N029,E09,190,2025-10-15,"""Can the process successfully continue?"". No -> Error, Yes -> Warn."
N030,E10,80,2025-10-15,"""Can the process successfully continue?"". No -> Error, Yes -> Warn."
N031,E11,110,2025-10-15,"""Can the process successfully continue?"". No -> Error, Yes -> Warn."
N032,E12,210,2025-10-15,"""Can the process successfully continue?"". No -> Error, Yes -> Warn."
N033,E13,20,2025-10-15,"""Can the process successfully continue?"". No -> Error, Yes -> Warn."
N034,E14,40,2025-10-15,"""Can the process successfully continue?"". No -> Error, Yes -> Warn."
N035,E15,95,2025-10-15,"""Can the process successfully continue?"". No -> Error, Yes -> Warn."
N036,E16,220,2025-10-15,"""Can the process successfully continue?"". No -> Error, Yes -> Warn."
N037,E17,75,2025-10-15,"""Can the process successfully continue?"". No -> Error, Yes -> Warn."
N038,E18,55,2025-10-15,"""Can the process successfully continue?"". No -> Error, Yes -> Warn."
N039,E19,120,2025-10-15,"""Can the process successfully continue?"". No -> Error, Yes -> Warn."
N040,E20,250,2025-10-15,"""Can the process successfully continue?"". No -> Error, Yes -> Warn."
N041,E01,750,2025-10-15,"""Can the process successfully continue?"". No -> Error, Yes -> Warn."
N042,E04,600,2025-10-15,"""Can the process successfully continue?"". No -> Error, Yes -> Warn."
N043,E03,780,2025-10-15,"""Can the process successfully continue?"". No -> Error, Yes -> Warn."
N044,E05,15,2025-10-16,"""Can the process successfully continue?"". No -> Error, Yes -> Warn."
N045,E06,100,2025-10-16,"""Can the process successfully continue?"". No -> Error, Yes -> Warn."
N046,E02,50,2025-10-16,"""Can the process successfully continue?"". No -> Error, Yes -> Warn."
N047,E03,35,2025-10-16,"""Can the process successfully continue?"". No -> Error, Yes -> Warn."
N048,E01,90,2025-10-16,"""Can the process successfully continue?"". No -> Error, Yes -> Warn."
N049,E04,250,2025-10-16,"""Can the process successfully continue?"". No -> Error, Yes -> Warn."
N050,E07,60,2025-10-16,"""Can the process successfully continue?"". No -> Error, Yes -> Warn."
N051,E08,20,2025-10-16,"""Can the process successfully continue?"". No -> Error, Yes -> Warn."
N052,E09,150,2025-10-16,"""Can the process successfully continue?"". No -> Error, Yes -> Warn."
N053,E10,45,2025-10-16,"""Can the process successfully continue?"". No -> Error, Yes -> Warn."
N054,E11,80,2025-10-16,"""Can the process successfully continue?"". No -> Error, Yes -> Warn."
N055,E12,180,2025-10-16,"""Can the process successfully continue?"". No -> Error, Yes -> Warn."
N056,E13,10,2025-10-16,"""Can the process successfully continue?"". No -> Error, Yes -> Warn."
N057,E14,30,2025-10-16,"""Can the process successfully continue?"". No -> Error, Yes -> Warn."
N058,E15,70,2025-10-16,"""Can the process successfully continue?"". No -> Error, Yes -> Warn."
N059,E16,190,2025-10-16,"""Can the process successfully continue?"". No -> Error, Yes -> Warn."
N060,E17,50,2025-10-16,"""Can the process successfully continue?"". No -> Error, Yes -> Warn."
N061,E18,40,2025-10-16,"""Can the process successfully continue?"". No -> Error, Yes -> Warn."
N062,E19,100,2025-10-16,"""Can the process successfully continue?"". No -> Error, Yes -> Warn."
N063,E20,220,2025-10-16,"""Can the process successfully continue?"". No -> Error, Yes -> Warn."
N064,E02,790,2025-10-16,"""Can the process successfully continue?"". No -> Error, Yes -> Warn."
N065,E03,55,2025-10-16,"""Can the process successfully continue?"". No -> Error, Yes -> Warn."